feature1, feature2, target
69.63085704303214,-60.69455435133173,8.936302691700405
0.5565348758468545,0.4004650657896953,0.9569999416365498
17.42485060184167,-6.05678266621249,11.36806793562918
2.792676438485591,-2.9306383924111032,-0.13796195392551214
11.802060302739974,4.514500624785296,16.31656092752527
1.3469537126531537,-0.556450379640904,0.7905033330122496
0.277240908577822,-0.25483208965617665,0.022408818921645368
0.2831896148794513,0.1644739189173517,0.447663533796803
6.043201487181649,-0.27634147928701003,5.766860007894639
0.6028780744421023,0.5430843231222665,1.145962397564369
1.0373034025899497,-0.22247902718269572,0.8148243754072539
2.4588200789425483,-2.6779829468528247,-0.2191628679102764
41.280064291757974,-35.54430671755272,5.735757574205252
0.672147699490169,-0.33426365432378674,0.3378840451663822
4.408066625916125,-4.122538885407592,0.2855277405085328
0.7998700729721032,0.5949902113797102,1.3948602843518134
0.5198554811451261,0.28256848335175555,0.8024239644968817
0.6357235371690344,0.30392685616363924,0.9396503933326736
0.6464068776284906,-0.33506328563174614,0.31134359199674444
8.109527229587703,3.4467992092074784,11.556326438795182
1.74321255716052,-2.9306009673275573,-1.1873884101670373
1.017757604082068,1.4395871672622444,2.4573447713443124
0.37168892742784043,-0.3718313214838918,-0.0001423940560513759
0.8673721505501638,0.8155804274654435,1.6829525780156072
8.08230975548888,-4.642522883703387,3.4397868717854934
0.5119831162623635,0.34102144678462826,0.8530045630469918
1.5308547677210114,-2.299750316265214,-0.7688955485442026
2.352351419148064,1.9495561327906175,4.301907551938681
0.6823427838002775,0.6845661101163093,1.3669088939165868
5.601615299160207,-5.5940358573993745,0.00757944176083214
7.207131612884627,-8.242387279896038,-1.0352556670114108
3.088053340696345,-0.47616596315998555,2.6118873775363594
0.8810146037929949,-0.41882114923244596,0.46219345456054894
5.91109951941035,-10.161424295610493,-4.250324776200142
14.636412155377501,-26.640372924750746,-12.003960769373245
0.2798663626392952,0.1965434690418313,0.4764098316811265
5.420640364288491,6.481496860220127,11.902137224508618
1.4579058669039484,-2.4058548145003344,-0.947948947596386
2.353630482299457,2.642610497369971,4.9962409796694285
2.4221696964961876,2.472155025447481,4.8943247219436685
0.7707681208853195,-0.05728239258728302,0.7134857282980365
3.638305939695331,-3.2433799032623503,0.3949260364329805
9.119476439283533,12.532341609259326,21.651818048542857
0.7645001574056446,-0.08796292205135636,0.6765372353542882
2.813861704515194,-2.8487752519826137,-0.034913547467419814
3.8627391535738944,0.8346139687542259,4.697353122328121
2.2437467400508186,-2.1935076485066163,0.05023909154420236
0.39686366216546004,-0.3710682972012256,0.025795364964234457
10.437265854607237,-12.003426736723371,-1.5661608821161348
0.3899728263561602,-0.1313481728832803,0.2586246534728799
2.5336963748187817,-2.0055428829497997,0.5281534918689821
2.3650565908502923,-1.5439204050242303,0.821136185826062
0.9734836225046749,-0.9468586333291643,0.026624989175510594
85.60639906711607,-53.98373800085613,31.622661066259944
3.41540021485342,-3.6900795846722634,-0.27467936981884344
2.5820217054938492,-2.5740523886715896,0.007969316822259653
0.6385413530182542,0.3029769457124532,0.9415182987307074
32.94725643922777,-16.248483274816866,16.698773164410905
7.951657987249815,15.497487774433722,23.44914576168354
2.8156363393534196,-2.6951026738071535,0.1205336655462661
1.0257043977319782,-0.13087178982547606,0.8948326079065021
2.09804590781962,-1.5898318999879275,0.5082140078316923
0.8399698638391933,0.12774883748246418,0.9677187013216575
2.143990011196182,-2.3295632275098463,-0.18557321631366452
0.9212286885053832,0.8699446833742748,1.7911733718796579
0.3031628469928549,0.14259161140883514,0.44575445840169003
1.717106418167334,0.7092515737339914,2.4263579919013254
1.779890067901396,-2.4056308712099668,-0.6257408033085707
6.776009875767191,-1.7478224273630925,5.028187448404099
1.3990418432714031,-1.1401650279848385,0.2588768152865646
1.098949291213111,-2.504065431969337,-1.405116140756226
0.45423351368449993,0.46895045550177883,0.9231839691862788
2.9812852853789025,0.3672696266420247,3.3485549120209273
6.953016481996624,2.9978840392685195,9.950900521265144
1.9725385688716397,1.601404602577464,3.5739431714491037
1.6690212246096214,-0.3684131588206062,1.300608065789015
1.653204170004712,-2.554471946613677,-0.9012677766089652
1.0050388145832725,-0.08070324911022407,0.9243355654730484
12.527896939486904,2.8391811648466665,15.36707810433357
5.118315293064434,5.447963419733945,10.566278712798379
4.218729302251665,-5.640649638601259,-1.4219203363495936
0.467258514100402,0.11884604073073866,0.5861045548311407
3.9049132458541536,3.1694844084434255,7.074397654297579
1.0450541813973437,0.8462422612532596,1.8912964426506034
1.9478670454995506,3.3095242720665476,5.257391317566098
0.3215661657485795,0.8226272663612482,1.1441934321098277
11.925205165975779,15.942731704978964,27.867936870954743
0.834160288760365,-0.008199690711870449,0.8259605980484945
1.4992681064847624,1.0633054536198312,2.5625735601045934
1.3872109917789093,-0.22973046952421938,1.1574805222546898
6.873137028869072,3.818744263913445,10.691881292782517
3.788108203024411,-0.8314926413974172,2.9566155616269936
0.5099101251327476,-0.2680956302234675,0.2418144949092801
2.754535416582459,5.298381867215442,8.0529172837979
0.6260426630511465,-1.5570201939910162,-0.9309775309398697
0.6664557783895433,0.7928472107053115,1.4593029890948548
1.9385512657163322,2.354417375204888,4.29296864092122
0.7231503393889224,-0.5856761258357556,0.1374742135531668
0.3614986827514595,0.3574888676221299,0.7189875503735894
1.62498174881318,-0.72054310010147,0.9044386487117099
0.8043624669628777,0.14221014850144273,0.9465726154643205
5.920824923982296,-1.1910768061999368,4.729748117782359
11.319084916906105,-2.763697496271208,8.555387420634897
1.9121336753780278,-0.050373882746173444,1.8617597926318543
1.1334901169379055,-1.605962010933725,-0.47247189399581946
32.664607479774425,-65.05107793276575,-32.386470452991325
0.9426494475120535,0.8335811534791301,1.7762306009911835
1.9101360329854822,-1.0295021322894977,0.8806339006959845
0.6586688536428693,-0.1627380124871397,0.4959308411557296
2.5024135874378786,-2.018569994788953,0.48384359264892574
24.201358409546,23.91847175204728,48.119830161593285
20.865505920917286,4.8150178830875685,25.680523804004856
0.3349124377943293,-0.27203418292815057,0.0628782548661787
1.1689175788195567,-0.9706641622855816,0.1982534165339751
1.0669606269158518,-0.047930647820408734,1.0190299790954431
1.0134804390614371,-0.0380204376178452,0.9754600014435919
1.80503407635545,1.5087894943414215,3.3138235706968713
0.43259215779078386,-0.23986698359339897,0.19272517419738489
1.699001548556396,-1.8387094419582313,-0.1397078934018352
0.8426604334425558,-0.28807452185185256,0.5545859115907033
4.510162638789313,1.8742107543273825,6.384373393116696
1.992646003242147,-2.23453639477719,-0.241890391535043
0.34661482177418174,0.2371761311317632,0.583790952905945
0.49608474890564136,0.26562314434856643,0.7617078932542078
0.9369706661793975,1.546387783631896,2.4833584498112935
0.6272425132688034,-0.2451512139924644,0.382091299276339
0.4781739423651286,-0.0952298809503144,0.3829440614148142
1.236401299598383,0.13645537170482283,1.372856671303206
1.2812643038110985,2.6788755317978428,3.960139835608941
0.6332368518660934,-0.44421085590090004,0.18902599596519332
2.7440515680189574,2.1277723848255943,4.871823952844552
2.32992249540392,0.8711855008286005,3.2011079962325204
1.2406579301704574,-0.21107575068820786,1.0295821794822495
10.603076219175357,12.003867988198985,22.60694420737434
1.446100209251762,0.8158211760044536,2.2619213852562154
2.259082049634477,-1.3098777618526114,0.9492042877818654
0.9209149615059677,0.3385580816801535,1.2594730431861212
0.7257612677293209,0.7125966415393189,1.4383579092686398
1.0222306667378958,-1.3066656789982498,-0.28443501226035406
1.0573535503262033,-0.8310494502238164,0.22630410010238688
1.0827535450435992,-0.18498363474393542,0.8977699102996638
4.436197374252933,-3.7805244271094813,0.6556729471434513
3.14201744294668,2.026451503032302,5.168468945978981
1.8423906322993322,-2.5279176575280085,-0.6855270252286763
0.8682978019950472,-0.4248380591437204,0.44345974285132683
1.2373014055026523,-0.49168431012216346,0.7456170953804888
1.4524796135775735,-1.8300539607124515,-0.37757434713487803
1.0234686263915933,1.3963433050167982,2.4198119314083915
5.6178464144276345,6.764678458185694,12.382524872613327
0.8654834954021935,-0.01965277854588246,0.8458307168563111
0.9050762938940881,0.8973137975839899,1.802390091478078
3.1532395414564265,-1.6275780847470311,1.5256614567093953
3.7220554443542553,0.18855717848847997,3.910612622842735
0.6838110332888312,1.3148831776705596,1.9986942109593908
4.298210510803401,11.485300318870836,15.783510829674238
1.333134605311742,-0.8679397450657922,0.4651948602459499
20.592187382696142,-1.4777030800453623,19.11448430265078
11.53890995976276,8.79095471747177,20.329864677234532
6.04042412966739,-1.6740821565984838,4.366341973068907
1.1575000460098013,-1.0019730212092501,0.15552702480055114
1.8312791062611427,-2.963771394181486,-1.1324922879203434
0.7158440957393242,0.2035395480108241,0.9193836437501482
3.0995752310741254,-1.3899675037974921,1.7096077272766332
0.39560224029445407,0.2580463261532396,0.6536485664476936
0.9458817609157185,0.6371398055731609,1.5830215664888794
2.563732267863258,-2.6529292154875175,-0.08919694762425934
4.412657873540908,-0.19610921516875102,4.216548658372157
0.6291297630412999,-1.0652400637314263,-0.43611030069012646
6.880483944170539,7.278044834379072,14.158528778549611
0.22233370195826563,0.12964816897243295,0.35198187093069855
1.318994207712582,-0.6316944762467935,0.6872997314657885
1.3518841961078274,-1.4464007682776732,-0.09451657216984577
1.420797289105435,0.005770608646929051,1.4265678977523641
2.3407545700418195,5.636528263486991,7.97728283352881
1.4179955427759061,-2.49443185006901,-1.0764363072931038
5370.904250069073,5037.241652404516,10408.145902473589
1.9748591826011945,-1.9146130524216658,0.060246130179528734
1.3127828316124879,1.2934778754816303,2.606260707094118
1.621417857454418,-0.0033556988768063487,1.6180621585776116
0.9541911826067926,-1.4073762666917786,-0.45318508408498603
13.603067275601443,-19.307931103977506,-5.704863828376062
0.5624445488228818,0.04987611270262079,0.6123206615255026
8.406680293124865,-1.8528362371780756,6.553844055946789
0.6709554936252534,-0.16158652678659968,0.5093689668386537
1.1437138205165438,2.1314113322940957,3.2751251528106398
1.9885450943433118,-0.39971683396903507,1.5888282603742767
5.668245013437574,-0.4480508535206465,5.220194159916928
1.2634540125521498,-1.1436446286191717,0.11980938393297813
0.6029610469119498,0.3712166306564984,0.9741776775684483
4.840150383534415,-2.374418437849672,2.4657319456847433
1.0684108423440881,-0.3046187241766213,0.7637921181674668
0.734180001308184,0.37105971045808256,1.1052397117662665
0.37584553059832615,-0.18361119390070882,0.19223433669761733
0.4203486605593777,-0.6277151418328409,-0.20736648127346324
1.9846387351608945,1.4670537073079863,3.4516924424688806
1.1603479935827063,-0.4268173291717698,0.7335306644109365
0.461224328798173,-0.4218921347239088,0.03933219407426419
0.9851163268498268,1.1403274999757347,2.1254438268255615
0.5299488593743577,-0.3378044903416824,0.19214436903267523
67.30949021546905,-37.34172051246865,29.967769703000407
0.7754606782604337,1.1251406514178193,1.9006013296782531
6.474297095463268,-5.153650457888627,1.320646637574641
0.7843855686220951,-0.3082077481860361,0.476177820436059
1.064777796291541,-0.21978322578935622,0.8449945705021848
4.1872323248131815,-2.420600400243544,1.7666319245696376
1.0125339747965632,-0.40822580719492757,0.6043081676016355
4.830554724729666,3.5060025905337233,8.33655731526339
0.2303471282691943,-0.3010107343981352,-0.0706636061289409
1.9749325176967831,-0.8399406340755898,1.1349918836211934
5.151817398347798,-0.562441687271276,4.589375711076522
1.633203219197833,1.1311411704372503,2.764344389635083
0.6468453312903851,-1.048807283539564,-0.40196195224917897
17.08132139127164,-16.689022646706253,0.3922987445653874
0.583580254937712,-0.14785540250254373,0.43572485243516834
0.31276205442787125,-0.1431127930412135,0.16964926138665776
0.4309465683233837,0.2454987745687263,0.67644534289211
1.5659203023600559,-0.72591874873192,0.8400015536281359
0.5109355132429649,0.6653517226027972,1.1762872358457621
0.5977555836580488,0.15520400322046754,0.7529595868785164
1.7936815551594902,1.6431342121587356,3.436815767318226
0.23857905312325367,-0.12151202085165187,0.1170670322716018
0.6094335352886832,0.20146483343752195,0.8108983687262051
0.30150941553097027,0.20195103491166239,0.5034604504426327
0.5230871073420292,-0.40526095495139247,0.11782615239063676
3.0785323553413577,3.0512992148916585,6.129831570233016
0.9197930995539302,2.0151789087979957,2.934972008351926
1.329444134724094,-1.571931853776304,-0.24248771905221012
3.8264472731978194,3.3824110091698056,7.2088582823676255
9.883287069713607,5.809477922970215,15.692764992683822
7.405555485598484,14.481603614281417,21.887159099879902
0.4864525898006603,0.19000103908729105,0.6764536288879514
4.002950339268305,-5.127344853550991,-1.1243945142826854
0.42614487240655097,-0.6877222062056326,-0.26157733379908166
17.62027895395745,-5.431658305742845,12.188620648214604
0.7149248446263781,-0.7538036235258648,-0.038878778899486766
1.3876618492947517,1.4705131063831822,2.858174955677934
10.12026980454888,11.127785977988752,21.248055782537634
0.32015161257137215,0.36356067166742767,0.6837122842387998
4.790176734549249,-4.9365016327180244,-0.1463248981687757
9.297599964786748,3.575533478955209,12.873133443741956
1.9517135475851892,1.5809146831668006,3.53262823075199
0.8942669574021712,-0.5509247890316069,0.3433421683705643
10.734871327802603,-14.660835495732409,-3.9259641679298056
0.3230764027532554,-0.6388944214136015,-0.31581801866034614
2.2623317166483323,3.0528968703340094,5.315228586982341
4.681669766904551,0.9851050414125972,5.6667748083171485
9.942871627043688,-10.212127791538654,-0.2692561644949656
6.397377730011821,-6.081997969830679,0.3153797601811421
5.9146498435837405,5.142871209654433,11.057521053238172
11.168855663857297,-0.6123080561255444,10.556547607731753
1.4272561279038805,-1.9546429083485164,-0.5273867804446359
2.418999786466917,-3.0454240554554697,-0.6264242689885529
3.0928227011202667,2.181031547321293,5.27385424844156
0.9205703127436227,-0.3514741802387327,0.56909613250489
2.800213827382471,-4.495286452129685,-1.695072624747214
1.6220383545444101,1.9000932953311054,3.5221316498755155
0.4778053304487952,-0.46413574608392794,0.01366958436486726
6.7732565710182095,-1.0917356299386727,5.681520941079537
0.6129087410873403,0.46893841430253114,1.0818471553898714
5.074750941278262,-8.532911310774947,-3.458160369496685
1.4018822334590162,1.0350950863646944,2.4369773198237104
3.0589656412995696,-0.0007594562386393579,3.0582061850609303
1.5006678081982028,1.1019357022761762,2.602603510474379
2.690649788285008,0.6629870245022327,3.353636812787241
2.3127164194612186,-1.015473752639703,1.2972426668215156
14.773021150196266,6.930234154266704,21.70325530446297
0.7070536186572738,-0.26909454478008904,0.43795907387718475
1.2422541252124883,-0.36211317577457963,0.8801409494379087
1.2615955628770243,-0.8275685221438125,0.43402704073321186
38.54711507075586,13.268548360309126,51.81566343106498
1.2534481519756557,0.024451946849631145,1.2779000988252869
0.899458121910611,0.4713942613371208,1.370852383247732
3.6083869275708436,7.539648340020085,11.148035267590927
1.3746418624569423,2.1815651682460024,3.5562070307029447
0.4274421486425238,0.12040830351999154,0.5478504521625154
5.352816119608073,3.2887555674685856,8.641571687076658
3.3966314019347865,-3.598715527200423,-0.20208412526563668
0.502974403075513,0.10572172043411386,0.6086961235096269
2.385157161888868,1.9860599090023145,4.371217070891182
335.386657813659,-174.35640825282,161.030249560839
0.8608783124977994,-0.218201210529213,0.6426771019685864
6.281120616983186,4.910446730180842,11.191567347164028
3.58464760433688,0.842184216892515,4.426831821229395
1.780676996796327,1.5755258929565956,3.3562028897529226
0.3385833853800795,-0.2884097148792229,0.05017367050085658
1.8467947352581304,-1.2554009247586309,0.5913938104994996
0.4817922712081606,0.35814350329558636,0.839935774503747
0.4842678365681764,-0.9491567174438796,-0.46488888087570324
1.079704512244753,0.29255965642436016,1.3722641686691133
51.3200917316602,52.66542967242361,103.98552140408381
0.40413522405231556,0.565947606178848,0.9700828302311635
1.3256959114121647,0.3150786128415653,1.64077452425373
17.832852077430985,-2.669509509830085,15.1633425676009
0.42675836275993306,0.12073047295491258,0.5474888357148456
0.7537752767881601,0.8496149458083168,1.603390222596477
0.26169105442477403,0.11585938374756372,0.37755043817233774
2.3311818162554196,4.071701909584752,6.402883725840172
1.32072564895652,-0.2024921866605122,1.1182334622960077
2.656275758311273,0.8127756457554137,3.4690514040666867
1.8622993430611618,-6.016669619170194,-4.154370276109032
2.664099847845629,0.22991862233122567,2.8940184701768548
78.32476455708687,-89.46046636798863,-11.135701810901764
1.3370221843560712,-1.7938502370841234,-0.45682805272805216
1.4538431719577436,1.6845523125197919,3.1383954844775355
1.7247703866175599,-0.16347761514581194,1.561292771471748
1.2742290612065192,0.4645107189537879,1.7387397801603073
3.41872146340846,-4.36430550995478,-0.9455840465463194
2.2308599471974766,0.9168048048485868,3.1476647520460634
2.001607945222965,-0.6481255043717038,1.3534824408512613
2.810137803280857,-1.4754199380374813,1.3347178652433758
1.7081883157920623,0.16525603195098273,1.8734443477430451
1.8598549381785356,1.5083652830866283,3.368220221265164
1.2036168615672505,0.04352549934882407,1.2471423609160746
1.4846294772511637,-2.81693750826782,-1.3323080310166564
5.357734423499276,-0.7920019255072247,4.565732497992052
0.8123133965324348,-0.12500395907965642,0.6873094374527784
0.5211419584403518,0.8285649876461364,1.3497069460864881
1.95453861871195,-0.06896469039129058,1.8855739283206594
1.9052270150594897,-2.0130300186837413,-0.10780300362425166
1.1906571008403952,-1.0204013531566856,0.17025574768370966
0.23620015510831474,0.1642062833271046,0.40040643843541934
1.0014935112570442,1.7625663119435169,2.764059823200561
6.31450044168906,-0.22937310373109315,6.085127337957967
15.435845136452452,9.099375495609566,24.535220632062018
1.0077419624773116,-0.02664506014624759,0.9810969023310641
1.013934074026285,1.4137799417172308,2.4277140157435158
0.9453536230410102,-1.6392419861377578,-0.6938883630967476
6.789788438775641,9.241008623666625,16.030797062442268
7.14740102775963,-8.825577819380008,-1.6781767916203787
0.504952614678284,0.056949383239864614,0.5619019979181487
4.753773306902964,3.3946976616557833,8.148470968558748
3.518266367038276,0.7938278127422782,4.312094179780554
10.20767072190589,17.769053717183578,27.976724439089466
0.6901218366446444,0.4768825167740673,1.1670043534187118
1.2357746092460267,-1.8466352222783669,-0.6108606130323402
12.98872619564591,-17.335445458532472,-4.3467192628865625
12.611504123060588,12.871035097530505,25.482539220591093
1.1197781974569763,-1.513270920521909,-0.39349272306493277
0.24246518676457912,0.023355032659018407,0.2658202194235975
4.276515794083644,-3.6565073321753494,0.6200084619082946
1.2199511429677572,0.9836554993127861,2.203606642280543
2.8998528850964647,2.9529689861685076,5.852821871264972
2.410136889117113,-1.4140546728296441,0.9960822162874687
1.8490238225649724,-3.1022170560503546,-1.2531932334853821
0.6156324348448062,0.45226114837725234,1.0678935832220586
14.205986485556233,-12.026957438410784,2.1790290471454483
2.4903380572785836,-2.2115056443842334,0.27883241289435023
4.905471290472887,1.1511072973805703,6.0565785878534575
14.963580347314815,12.179537123073208,27.143117470388024
0.5359120970144333,0.6363203723267162,1.1722324693411497
0.8122829447323262,-0.6995552727185371,0.11272767201378908
19.96235118131423,-6.580470414723617,13.381880766590612
0.6083786192510253,-0.27279441232391055,0.33558420692711477
0.44609167843223285,0.3046333363945857,0.7507250148268185
9.167273217042027,-12.93167135825405,-3.7643981412120233
2.664891566739233,0.3057709043279169,2.97066247106715
0.48243230609899235,0.6636769980567421,1.1461093041557344
5.273171527242496,-11.841050062810723,-6.5678785355682265
1.733183760327242,0.7548002881587639,2.487984048486006
2.0014690147405987,-0.7273643680195275,1.2741046467210713
1.7006532694288183,-0.3971900993947068,1.3034631700341115
1.1967193056562777,-1.8604582459406471,-0.6637389402843694
0.4964579404408153,-0.08200883309814189,0.41444910734267343
0.4985645114286172,-0.4004983141573172,0.0980661972713
8.204206643035777,-11.79436631348167,-3.5901596704458925
8.114481959856795,-4.309054738402777,3.8054272214540177
0.5338619640008838,-0.17066437021120182,0.36319759378968197
5.8725349123956825,1.0912826564246416,6.963817568820324
1.1980285695868857,-1.2447770780099086,-0.046748508423022805
3.636399824370806,-0.11497329094360857,3.5214265334271975
0.4050126585278518,-0.7524338024077714,-0.34742114387991957
2.4445227560977174,-1.727209913994515,0.7173128421032025
10.39066585877679,0.6323850019224886,11.023050860699279
2.825588946820363,2.799765501540789,5.625354448361152
1.3819081424823971,-1.169335579289527,0.2125725631928701
2.4737163669497333,-3.3993621314820293,-0.925645764532296
1.6430895725805343,-2.135844219098589,-0.4927546465180548
3.619989813948509,5.739148797361502,9.359138611310012
4.8926375492206855,-0.27784407451318877,4.614793474707497
0.757348556698144,-1.1182880022403436,-0.3609394455421996
1.6054285156953276,2.1144536723630276,3.7198821880583552
1.5037328375121721,0.37973551129118593,1.8834683488033581
6.516621883133249,3.119240640586088,9.635862523719338
42.032481614766745,-30.854067328261337,11.178414286505408
0.9579210547038719,-0.438164341718093,0.519756712985779
1.694026000773926,-1.9731175399913992,-0.2790915392174731
5.138180482715162,-1.0681903765268987,4.069990106188263
0.7895469060674556,1.0834076553516885,1.872954561419144
5.810063488919178,-7.150405134454966,-1.3403416455357888
7.824873322946565,-1.7833386019738873,6.0415347209726775
4.8066329358516775,2.0297559896344026,6.83638892548608
1.3492351047179254,-0.4352393409343054,0.91399576378362
52.238435974813974,-30.628031535128837,21.610404439685137
0.26096584919660726,-0.20929737027791445,0.051668478918692806
1.2065304342345768,-1.1796612879040762,0.026869146330500637
1.304563216636442,0.9383655408549886,2.2429287574914305
5.709198421380907,-11.097541234973153,-5.388342813592247
4.7696606084218685,7.354202385703025,12.123862994124893
1.183898249335782,-1.4259919563753376,-0.24209370703955568
13.259444660269208,12.650774387963507,25.910219048232715
0.22770075870868517,0.11220910953260875,0.33990986824129393
1.9274108823463334,1.6549072133420295,3.582318095688363
0.6794046403983918,0.7932406423868982,1.4726452827852898
2.3028967330878967,0.5712253936100381,2.8741221266979347
0.598275073764093,-0.8583750076142569,-0.26009993385016394
1.1150214435283192,0.8542458209358547,1.969267264464174
0.38002831469319864,-0.06702446087964127,0.3130038538135574
0.8827090127704849,1.2291510364079674,2.1118600491784525
2.3136996124652045,-4.448509608365677,-2.134809995900473
0.5497394516563202,0.8573278556844501,1.4070673073407702
15.639273179657549,-42.702498150787044,-27.063224971129493
1.1337725614499952,-1.629295879898754,-0.49552331844875885
5.811771880790605,-2.027604804672261,3.784167076118344
1.1413654477741724,-1.1173530485747638,0.024012399199408563
2.2010924952392656,0.21741337827026244,2.418505873509528
0.6964176677023051,-0.4237779273324984,0.27263974036980665
2.049298834893045,0.7433906806322484,2.7926895155252938
0.36256667741923265,-0.06627889871014969,0.29628777870908296
6.889636847996708,5.615445268185974,12.505082116182681
1.094204826412117,-0.8915367652455543,0.20266806116656266
4.332044646977097,-1.551962602228126,2.7800820447489705
3.677106230157758,-3.298632325918421,0.3784739042393368
2.132327909864342,-2.8429903178968416,-0.7106624080324995
1.7206957353205237,0.2082446039718519,1.9289403392923756
1.6591203599003042,1.0882192583478811,2.7473396182481853
1.0937703930903846,-1.3515865986634135,-0.25781620557302887
2.852213717591461,0.6234576554201139,3.4756713730115747
1.3054506406740025,0.3416163395583535,1.647066980232356
0.8566602705405766,0.05632556008466999,0.9129858306252465
1.6298318773966523,1.0584471353642626,2.6882790127609146
0.4226848332390052,-0.568097261291932,-0.14541242805292687
1.208683381015098,-1.0650325107667162,0.14365087024838186
8.29060641458904,2.761509466565854,11.052115881154895
0.35594103781292896,0.09150877180916055,0.4474498096220895
17.213877657837234,-24.150466522204372,-6.936588864367138
2.388692686526631,0.6610119842212452,3.049704670747876
0.45209762796864694,0.7218386746333507,1.1739363026019975
2.8818920127939913,-2.772008569444871,0.10988344334912048
0.8282147868326654,0.2204960229593053,1.0487108097919706
0.36028909928873165,-0.19797637490947914,0.1623127243792525
0.4051391548407063,1.0511494389955385,1.4562885938362449
0.30003829976927204,0.10829150929887463,0.40832980906814664
0.3099469300363068,0.3400066535252484,0.6499535835615552
0.7742716724330416,1.2347870519227193,2.0090587243557607
0.6908706638553548,0.7853151084667972,1.476185772322152
1.598143416928108,0.18318138172269058,1.7813247986507985
2.80987519206596,-4.376884407783151,-1.5670092157171909
0.6106193058340003,-0.7834437937621247,-0.17282448792812444
1.872889610245638,-0.0029869685784214,1.8699026416672166
1.2666488215146368,-1.3201619365101882,-0.05351311499555145
8.261963773563457,5.231158695107151,13.493122468670608
0.3064077944381613,0.2881460358110938,0.5945538302492551
0.40079614935279845,-0.5844531270219835,-0.18365697766918504
1.7668579238853697,1.112909219415739,2.879767143301109
0.6932058561994163,0.5326144829906416,1.225820339190058
31.735848763880718,12.394331472414576,44.130180236295296
0.7383947551211951,0.21460026857834139,0.9529950236995365
0.4452669442389514,-0.271788186032925,0.17347875820602643
2.4681348097562785,5.604627753161209,8.072762562917488
2.849365544627941,3.538301252726273,6.387666797354214
0.9323794178945337,-0.21388181895774933,0.7184975989367843
0.494932127788012,-0.19836989663875784,0.2965622311492542
21.566878059358288,2.592567149695173,24.159445209053462
0.9773384833085382,-1.6916062695283853,-0.7142677862198471
1.365048232232617,-1.199539268312011,0.165508963920606
11.202641964417861,15.806532449172495,27.009174413590358
16.60561264513639,-6.74188235101773,9.86373029411866
0.4020467946456396,-0.2688008835978838,0.1332459110477558
1.062656739974289,0.9131580209451756,1.9758147609194645
3.7785874484445836,-4.179803963590151,-0.4012165151455678
4.647817126199008,4.419456063177415,9.067273189376422
2.238928732748193,0.40998646639731023,2.648915199145503
6.785462920894554,3.186045501750216,9.97150842264477
0.3475063305569044,0.7199235608328826,1.067429891389787
0.4608829059786038,-0.6988597881725359,-0.2379768821939321
0.5371481466740954,-0.04340142219117688,0.4937467244829185
5.292660964796634,-17.186339224096272,-11.893678259299637
1.9520589547432876,3.206386447341153,5.158445402084441
4.214498551612353,-4.636444583248815,-0.4219460316364616
4.8841929502868515,-2.9419566558418295,1.942236294445022
1.2492526369547263,-0.1903078431251774,1.0589447938295489
2.806172178737372,-1.78790581385031,1.018266364887062
3.1815629854820253,1.8502678859112678,5.031830871393293
0.3874643039525163,0.2220466114831682,0.6095109154356845
0.4106465228112802,-0.37653751959747556,0.03410900321380467
0.3978466130942758,-0.9100633018040392,-0.5122166887097633
1.5098133963900036,-1.9694249168170388,-0.45961152042703524
4.539387396195509,3.2456558745283752,7.785043270723884
4.852093093658754,3.929188120747505,8.781281214406258
0.22456225691455556,0.10529557451170238,0.3298578314262579
1.8201280413460923,0.28598622933634926,2.1061142706824416
3.1709420547017264,0.3653556971126611,3.5362977518143874
1.0289961805565406,1.116501582649023,2.1454977632055634
7.203035712521799,-5.450455471072071,1.7525802414497278
5.054896469067239,-1.5184724562111696,3.5364240128560693
0.5975556086309938,0.2543153030822803,0.8518709117132741
2.1655915948296567,6.801275670187487,8.966867265017143
6.170072089419491,1.5672493239684784,7.737321413387969
3.0873474744534595,2.7053008765541793,5.792648351007639
2.3877254623864057,-0.7679158278761902,1.6198096345102155
0.5806277121088956,0.14845389018636868,0.7290816022952643
0.633473416881099,0.4891067202452292,1.1225801371263282
0.2362087141456313,0.11609430217634224,0.35230301632197353
3.023631242014622,-4.628671767937203,-1.6050405259225813
49.51687657194191,-44.70177758346321,4.815098988478695
0.7648737875724761,0.4542685096148293,1.2191422971873054
0.2747794593299451,-0.5751779880623823,-0.3003985287324372
8.018353529963969,-1.511087765173262,6.5072657647907075
1.9823018523850613,-2.028144724871359,-0.045842872486297814
0.8264674941988297,-2.0461767928867203,-1.2197092986878906
2.439062188545128,-0.9530819898610164,1.4859801986841115
0.44251889444382103,0.2228807357070544,0.6653996301508754
7.051114664948623,5.640652232238481,12.691766897187104
11.714313596796885,-5.2312062165775775,6.483107380219307
1.452428056731431,1.3247415201492168,2.777169576880648
2.101700174705543,-3.448618635360734,-1.346918460655191
0.9108610186438171,-1.6247656750283739,-0.7139046563845568
0.5628420886693384,0.41768043864469223,0.9805225273140306
0.6108136638809833,-0.3550556906712447,0.25575797320973864
1.3647942901618713,0.8612234912233553,2.2260177813852264
7.219703399519295,4.280589703158206,11.500293102677501
0.4761394973430551,0.30127505009122113,0.7774145474342762
7.896073278975878,-1.4112647114938834,6.484808567481995
0.961043731831453,-1.0502362452695726,-0.08919251343811962
5.161081677105385,-7.164416452900307,-2.0033347757949214
24.032717819724606,-17.261296943266082,6.771420876458524
3.074093279156667,3.907671634374718,6.981764913531386
10.462591311322576,-6.669183133554467,3.793408177768109
0.7103077592946719,1.0192319912760948,1.7295397505707668
0.8155768852224424,-0.7331193144486571,0.08245757077378535
1.3645321038226643,2.5715196397495474,3.9360517435722118
1.5305302457765237,-0.3639808060864102,1.1665494396901135
2.503864039064553,4.1369552555102445,6.640819294574797
7.52030861919787,2.2574530417418894,9.77776166093976
7.868328169064806,-1.9898713221233328,5.878456846941473
0.31166109678092774,0.14880511755645753,0.46046621433738527
1.7271933728162432,-3.147989121629546,-1.4207957488133027
4.019559280647381,2.706481199634525,6.726040480281906
0.47978039311372517,-0.06797921518673693,0.4118011779269882
0.6275222666212661,0.07566004736461479,0.7031823139858808
2.7781129393152337,0.9628630064499044,3.740975945765138
0.9044606643881292,-0.5964883350989885,0.30797232928914076
0.3299383755967425,0.33964078476561127,0.6695791603623538
0.7461590520682861,-1.6157611506397689,-0.8696020985714827
13.915884241278425,2.267497934352192,16.183382175630616
1.490748845308078,-1.9762506758678975,-0.48550183055981955
0.977962417931693,1.2884446154164713,2.2664070333481643
1.2339297073070166,1.2149745549336877,2.4489042622407045
0.2829812472977935,-0.45042391300298507,-0.16744266570519156
0.75518229854095,0.4873473808257001,1.24252967936665
25.224393547878837,-25.632665827268152,-0.40827227938931543
0.5334425404395918,-0.6889654471033336,-0.1555229066637418
2.4711907261533432,1.4436574240255597,3.914848150178903
0.23438074792992647,-0.05217177919786516,0.1822089687320613
2.5862968804450666,-5.507698056915373,-2.9214011764703067
0.7507471284581534,0.0429990177765325,0.7937461462346859
0.7748102411874151,-0.3524165368067652,0.42239370438064994
1.5701706979378556,3.363911690059026,4.934082387996881
5.385654566679682,-5.77385576549426,-0.3882011988145786
0.6889419991732005,0.22087725146164267,0.9098192506348433
2.2702153594031884,2.9479475174123997,5.2181628768155885
1.5521853472396847,-2.3994168447399553,-0.8472314975002706
4.153215951318238,4.7935988486908965,8.946814800009134
2.4467290233955254,2.1418973822876732,4.588626405683199
2.3710010468667786,-2.370436686960133,0.0005643599066456062
2.0612633045766464,3.011904201560178,5.073167506136825
0.5710921183857042,-0.5925447622685203,-0.02145264388281609
5.085956078585077,-0.6374849440774706,4.4484711345076065
1.1919652529509353,-0.47494468350667823,0.7170205694442571
0.6526718944903055,-0.0646561328140893,0.5880157616762162
0.887998410284224,-0.11578526993341498,0.772213140350809
1.1601015138919912,0.594965809664256,1.7550673235562473
3.3050388083609366,-3.7866464665353945,-0.48160765817445794
1.4021349389152056,-3.966528620480817,-2.564393681565611
1.487231380582679,-0.118802940960401,1.368428439622278
1.8548868607068623,-4.769491207954225,-2.9146043472473626
1.9840543005272224,-4.6834177465567866,-2.6993634460295644
33.35361347476194,2.540855490538486,35.894468965300426
0.3635536860263982,0.4709800641280639,0.8345337501544621
1.4033023908277695,0.9431565476920992,2.3464589385198686
1.8708454681310034,3.8690193982259395,5.7398648663569425
4.478927516611152,-3.2698163465314725,1.2091111700796793
1.61891669999434,-1.1031713548444106,0.5157453451499294
0.6253288499717983,-0.07955380164670924,0.545775048325089
1.446232053747703,-0.019982285722740002,1.4262497680249628
16.685188619905375,1.2537007904911595,17.938889410396534
0.5526956937783372,-0.0782897231214931,0.4744059706568441
1.8569779406691405,3.323266118734391,5.180244059403531
10.453288873140295,3.377106489344364,13.830395362484659
1.0378630869435195,0.7596893893465054,1.7975524762900248
1.7011248361252609,0.8017275240856981,2.502852360210959
1.2724693260554174,-0.5010185873771315,0.771450738678286
0.5093781781941689,-0.587508195568077,-0.07813001737390812
1.1488857199449511,-1.391315212022528,-0.2424294920775769
3.2470076583452747,10.757202577089492,14.004210235434767
0.4916515511552271,-0.006125445092072713,0.4855261060631544
1.304576884805091,-1.3879939613430097,-0.08341707653791874
1.560401019641004,-0.4901241719562803,1.0702768476847238
0.6695996148254177,-0.25637444605734516,0.4132251687680726
2.834919945377543,-4.0767449576058565,-1.2418250122283134
2.1891197575634744,-2.3652739572054746,-0.1761541996420002
71.10987351569983,109.09760099372733,180.20747450942716
0.2564545392299777,-0.17787461618707215,0.07857992304290554
14.244255558256265,-3.781323890358018,10.462931667898246
0.8719395670305414,0.7550137095030051,1.6269532765335466
0.15512381055081467,-0.17812132449425574,-0.022997513943441072
0.5489904227373364,0.15042598719589317,0.6994164099332296
0.741278656237502,0.1825954988952228,0.9238741551327248
0.20912919203057986,0.12342868587114049,0.33255787790172037
4.455278296441906,-5.868482705267253,-1.4132044088253464
0.41956585545816877,0.1599466008522115,0.5795124563103803
7.010271567573576,-8.566506977732049,-1.5562354101584726
4.768903071776499,0.26357861212318007,5.03248168389968
7.254331780643579,8.281975153832429,15.536306934476007
7.386726386033538,19.28564812256454,26.67237450859808
0.18261344965802176,-0.09386556670571009,0.08874788295231167
0.7925513566294589,0.960700743662774,1.753252100292233
0.8918280196561068,0.25375079430689423,1.145578813963001
1.3234952395916293,0.06475237662474961,1.3882476162163788
2.650597518441621,1.282224536750046,3.932822055191667
1.9297999215083397,-1.058118012517767,0.8716819089905727
0.2388830987086689,-0.2733706390924834,-0.03448754038381449
0.6230243940697696,1.213389224228314,1.8364136182980837
12.473703113696883,12.748211357195089,25.221914470891974
9.801018191504639,18.76108319998801,28.56210139149265
1.7870343316257709,1.903442756073472,3.690477087699243
1.5946332825644025,2.0708802830287643,3.6655135655931668
3.9284233906839603,-3.6872516119982217,0.24117177868573858
0.7998202597478603,0.3793787591360031,1.1791990188838635
1.9882341047875367,2.6228799063385306,4.611114011126068
3.5469086874449967,-0.8796455114367729,2.6672631760082237
1.8861878844098163,-0.3651221951039178,1.5210656893058985
0.6212440301280001,0.044954759531952326,0.6661987896599524
0.35094143171025566,-0.0003260733123545671,0.3506153583979011
1.4596938991756583,0.5413117574229922,2.0010056565986503
3.3343365219223537,-0.5056382587588443,2.8286982631635094
1.781621947441298,-0.45188236112740093,1.329739586313897
0.4285753128433104,0.5325477243522214,0.9611230371955318
0.7893663664302208,0.04218113014143488,0.8315474965716557
3.3855187327802656,0.8692252879859758,4.254744020766242
160.75254914439532,148.83720091182224,309.58975005621755
0.7600329057618628,-0.8013153149141125,-0.04128240915224968
0.5758494667364037,0.4942731893962819,1.0701226561326855
16.182726306597754,37.157426697281565,53.34015300387932
1.3350946370001275,1.4713643316081995,2.806458968608327
1.6603833851891503,-0.14684757461085746,1.5135358105782928
4.446998665928837,-1.253125371025899,3.1938732949029385
1.39145133428756,1.7429957009105583,3.1344470351981184
1.0809968343429568,-0.2128550469509615,0.8681417873919953
0.4497971222783958,1.120947036956029,1.570744159234425
3.0629642997206545,5.202328401582034,8.265292701302688
4.065582225051326,2.848972437606952,6.9145546626582775
0.9247320884011148,-1.2153134478971044,-0.2905813594959896
1.6417283348191818,4.670893505151502,6.312621839970684
0.7406650160758362,0.4786834491055921,1.2193484651814284
2.9875293809549177,-3.5859100753158786,-0.5983806943609609
1.4259869578325586,0.8815544447636385,2.307541402596197
1.6980532914271211,-1.6565036182833697,0.041549673143751464
0.688865823824079,0.8492057882801914,1.5380716121042703
1.6652098567174412,-2.6066180949457687,-0.9414082382283275
0.2845294032730648,0.4882542518588968,0.7727836551319616
0.7744934406524663,-0.4733993513760996,0.30109408927636666
1.937985007603328,-2.5911249436943007,-0.6531399360909727
0.5165527707787836,-0.7989674990244756,-0.282414728245692
3.100978536577874,-4.600764885808667,-1.499786349230793
0.8501828426003876,-1.979852439620507,-1.1296695970201194
1.5259280454678028,-0.40231166446684585,1.123616381000957
1.5768922976836437,-1.9552694505357424,-0.3783771528520987
1.01098372650215,0.7347607538057802,1.74574448030793
3.751964312170589,0.13476744635018878,3.886731758520778
5.303374341012486,-1.3294440860216008,3.9739302549908846
1.3369077059347512,1.1026932807149386,2.4396009866496895
0.5324525798133408,0.5528675707766676,1.0853201505900083
4.764496066394674,-2.5067852468758627,2.2577108195188114
1.7745340959452514,2.2215644002233796,3.996098496168631
0.14502377090829277,-0.08191238249409859,0.06311138841419418
0.5282148281393989,0.5100567026298157,1.0382715307692147
1.3463084488728119,-0.25685794830771724,1.0894505005650945
39.41669511329631,-2.040013633428309,37.376681479868004
5.036151945797076,-1.9518635035879877,3.084288442209088
1.6480009965479108,-1.2881394420768162,0.3598615544710946
0.5866041627783803,-0.7854449121773918,-0.19884074939901142
96.69173109613493,37.52261627031657,134.2143473664515
7.471367244334743,1.8981103086992834,9.369477553034027
0.3659535189428302,0.132476220393539,0.4984297393363692
0.16843184400149855,0.009111949813509886,0.17754379381500843
34.6657596423547,-10.632011815029886,24.033747827324817
0.20635049029560495,0.06020767523145395,0.2665581655270589
0.6594918060520129,-0.9386561380091967,-0.2791643319571838
0.8647793511307703,-1.3596450258672186,-0.49486567473644827
1.2346463129019987,0.44577628851680307,1.6804226014188017
0.9119984344908395,0.16281147935701723,1.0748099138478566
21.733502900810777,6.531925482680011,28.265428383490786
1.2729742153938395,-0.515906021602752,0.7570681937910875
2.242016487079267,-0.11004565281566883,2.131970834263598
15.982031925999218,20.63117127509991,36.613203201099125
4.177739109003165,3.853605524892509,8.031344633895674
0.48531148900626464,0.6852240145745211,1.1705355035807856
15.747810318652215,3.394007951372582,19.141818270024796
18.905838769914165,17.831440456529972,36.73727922644414
1.2842103866471912,-0.17010567194307324,1.1141047147041179
2.8344390371069945,0.14726194968231324,2.9817009867893076
1.305211897536387,-0.15492682831146246,1.1502850692249245
1.8167246549872802,0.25916426319844416,2.0758889181857243
206.80477535084282,239.69685122166544,446.50162657250826
0.798167670369351,0.38494877469339495,1.1831164450627458
0.515809200536721,0.4517634583033366,0.9675726588400575
1.547586498375245,-1.1917759538017145,0.35581054457353045
2.8074915354843317,-1.8483106072080762,0.9591809282762556
0.3982255541825445,0.106391385169395,0.5046169393519395
3.7828968335365842,1.8205449853461266,5.603441818882711
0.7501882194210121,1.3457221269761839,2.095910346397196
1.6634790842086469,-2.4631857113450124,-0.7997066271363655
6.248314617646666,4.911816467938343,11.160131085585009
0.2096055542175953,0.14506801087265966,0.35467356509025494
42.97497600531475,15.178968578762687,58.153944584077436
8.661756496756478,-2.2274647047610925,6.434291791995386
1.172122702097969,-0.6898772889876258,0.4822454131103432
1.1784712212683066,0.989983358069057,2.1684545793373635
11.712227527878195,11.0991864165938,22.811413944471994
13.511574700620937,-8.404780733680377,5.106793966940559
0.6883497514517698,0.1437608236605643,0.8321105751123341
0.9675626350300579,-0.34723307619748217,0.6203295588325757
2.001175204715809,1.853077933582938,3.854253138298747
1.062778898634067,-0.5767665645856949,0.4860123340483721
0.30905051874430617,0.1542212668020687,0.4632717855463749
1.7123775370480512,-0.8205107040959032,0.891866832952148
1.9657504012343034,-1.8014046968938284,0.16434570434047502
0.7912564219315797,-0.44267138913484405,0.3485850327967357
0.9122837868728737,-0.07800587481998839,0.8342779120528854
0.297066434704381,-0.1739912204930471,0.12307521421133388
0.3316150220228712,-0.44454740076209887,-0.11293237873922768
1.8492126232898511,-3.2555503726895094,-1.4063377493996583
9.634456491356161,2.817408377436801,12.451864868792962
1.415440335198586,-0.5304354968995912,0.8850048382989948
2.7317073919521953,0.8966492943485613,3.628356686300757
0.9771757374642214,-0.4096961059734281,0.5674796314907933
0.9344604184328981,-0.932833589561712,0.0016268288711860368
0.6306672127264987,0.691427528426266,1.3220947411527648
0.46862574626888065,-0.23351848647841877,0.23510725979046188
0.7005328023079401,-0.20800587374586016,0.49252692856207997
0.9337937876734538,-0.7404069501724122,0.19338683750104158
3.063705050698622,3.540419491344842,6.604124542043464
0.6953504954370788,-0.5685320468474967,0.12681844858958213
0.9788135404599404,0.12668972194283679,1.1055032624027772
0.6606233210986908,0.2525376232191724,0.9131609443178632
3.1664584686197546,4.3002262378422325,7.466684706461987
1.4591247761149448,-1.3589612942364446,0.10016348187850022
1.1949349822749529,-0.30142396842073177,0.893511013854221
0.5439780264942922,-0.7356605624525266,-0.19168253595823448
0.8966544320808795,-0.3853065319396891,0.5113479001411904
1.0695076164774333,1.5067505091850457,2.576258125662479
1.362981122485048,-1.554092209342358,-0.19111108685730982
1.9715749729105039,-1.2759577314604125,0.6956172414500914
0.967266978107265,-1.0249852265635813,-0.057718248456316235
0.7266138695835057,0.23997525776268938,0.9665891273461951
3.5287694302629626,1.3344978427644165,4.863267273027379
0.89875557438194,0.7044693260853216,1.6032249004672616
4.922833553120548,-4.422668354717174,0.5001651984033746
1.0358466224446485,-0.21141343371894433,0.8244331887257041
1.802323466736555,1.9808927615852692,3.783216228321824
3.662727710576593,4.487732538347105,8.150460248923698
13.110094846209266,-9.798462346900301,3.311632499308965
9.200546636046106,6.211177627305563,15.411724263351669
3.1988205758399437,0.7257704048928757,3.9245909807328196
0.696215497596198,0.4500704229873702,1.1462859205835683
0.28421652159200267,0.0935108841441343,0.37772740573613695
0.31889732986100017,-0.740375621074027,-0.4214782912130268
84.05689630583852,-45.40038305744037,38.65651324839815
11.021359608063547,10.142953054768242,21.16431266283179
0.2063951918156171,-0.15987304242272993,0.04652214939288718
6.775366776623585,-8.505991996677905,-1.7306252200543195
0.8667285363855577,-0.2833252315787892,0.5834033048067685
0.6718114741322927,0.8491026255035461,1.5209140996358388
0.4895506787452013,-0.26947020932102655,0.22008046942417475
1.341089391839302,1.23724387763211,2.578333269471412
0.28535047272443964,0.03542572213280597,0.3207761948572456
0.25504264667473053,-0.23703264651137917,0.01801000016335136
0.9034129896288642,-0.4934394737407867,0.40997351588807746
1.9102937334234813,2.150785142288692,4.061078875712173
3.6857676668625046,-0.5803956749374101,3.1053719919250944
2.3869197708677063,-1.998147475229368,0.38877229563833837
0.7393006672494598,1.0192944862882152,1.758595153537675
0.9262595337198004,-0.21655047143144818,0.7097090622883522
0.9810558800152337,-0.1399601713263858,0.8410957086888479
1.8072922915780172,1.4134982393551754,3.2207905309331926
4.328958032830397,-4.153120700302241,0.1758373325281566
1.2680216539500881,-1.3396618258920245,-0.07164017194193639
12.653818236410666,3.7294790362617083,16.383297272672376
0.5375805039434478,-0.5331667980580849,0.00441370588536294
0.44605135796869455,0.6257626446603748,1.0718140026290692
0.6216696535637257,0.9918456667195936,1.6135153202833195
0.8672301145557992,0.40311270015917816,1.2703428147149773
18.960664652694692,-19.11552515721558,-0.15486050452088662
0.40365612058604244,0.040896764784977814,0.4445528853710203
3.0408655804012006,-1.7610184641965145,1.279847116204686
0.6465186653729339,0.45572828691283074,1.1022469522857645
1.762900290725147,1.8643989843772777,3.6272992751024247
1.09549604856989,0.9753613174582594,2.0708573660281493
1.353310663404852,-0.44257678455548166,0.9107338788493703
1.8583172403280315,-0.916236376947503,0.9420808633805284
2.1033565483903036,-4.042763430408265,-1.9394068820179617
1.8041335823119493,1.7130652569192997,3.517198839231249
0.40709123646462375,-0.00039298185882011093,0.40669825460580367
0.5873820527487562,0.13229791975051325,0.7196799724992695
0.5888221400170532,-0.3049389704147362,0.283883169602317
0.7987256648843071,0.8583949416950462,1.6571206065793533
0.38234243311174976,-0.0743807137515446,0.30796171936020517
0.44354456511832796,-0.01168538984198492,0.43185917527634304
0.7002349144362402,-0.21037102598672752,0.4898638884495127
0.8728474616555673,-0.0045555876920191155,0.8682918739635481
11.698836622010026,-10.892897087747412,0.8059395342626132
1.0447507995014822,1.350800841503285,2.3955516410047673
1.1912027010697355,-0.8962698070450148,0.29493289402472067
141.98364580748165,200.29162950843025,342.2752753159119
2.9099885192607307,-1.6213825621470852,1.2886059571136455
5.216980493314124,-7.409970189699347,-2.192989696385223
2.7358734556892,1.696021373342829,4.431894829032029
6.570246071008371,4.432613669517933,11.002859740526304
67.06966537105549,94.75409161123906,161.82375698229455
1.1411494032602318,-0.20413240406967065,0.9370169991905613
3.8218754378013573,2.551168330073737,6.373043767875094
4.4699344110197785,-11.889079631374695,-7.419145220354917
0.7853399779963279,-0.7892095255991082,-0.0038695476027802433
1.4083966099658516,0.2786979555023154,1.687094565468167
2.0852381626847305,-1.025161596370136,1.0600765663145946
0.8134224711667855,-0.1624669608000247,0.6509555103667608
1.1394119551609527,-1.0811427407362497,0.05826921442470301
0.6209812735360304,-1.2437525494075798,-0.6227712758715495
0.7880907936726014,-1.0289639195840607,-0.24087312591145937
2.59598988437549,3.6136934835071015,6.209683367882592
2.6797266277402985,2.04314405064903,4.722870678389329
3.5153077674185496,6.6449199637245995,10.160227731143149
0.828121846395691,0.6784543177634186,1.5065761641591096
29.414692559112712,-13.50111824209862,15.913574317014092
1.1337530381057268,0.9925725979303847,2.1263256360361114
3.8647995598681724,0.05189711716723976,3.916696677035412
1.4558229369455538,-1.1575972631291798,0.298225673816374
11.16590040310115,22.114812667187028,33.28071307028818
6.054738064394266,10.472968969031584,16.52770703342585
2.9641029262986596,-2.390503419391946,0.5735995069067137
2.6990026770112476,0.284407730139879,2.9834104071511267
0.48834115290669916,0.33422980479704073,0.8225709577037399
0.3375129144616947,0.3366687635353356,0.6741816779970302
4.340767289399206,2.363945940766421,6.704713230165627
0.9936554245825032,-0.4892624951463767,0.5043929294361265
0.4771169448899284,-0.12783891066163727,0.3492780342282911
0.9053506460395794,-1.926214015089679,-1.0208633690500997
2.960196983843929,-2.338825264580537,0.6213717192633919
3.7458274072074387,-2.414151095257505,1.3316763119499337
0.18913655381576597,0.10832162929201081,0.2974581831077768
0.9179844646725881,0.7086916001088899,1.626676064781478
2.237448667262301,-2.5732876858984963,-0.33583901863619525
30.79340136508673,10.654677027190724,41.44807839227745
3.2964185293894275,-4.276002059087187,-0.9795835296977593
0.6415928416109355,-0.029741801170710246,0.6118510404402253
1.8588713843265408,0.37693388497661995,2.2358052693031607
8.8735811918841,9.263435141530255,18.137016333414355
7.738727834572157,14.252647443251629,21.991375277823785
7.507546713432915,15.056194212299634,22.56374092573255
6.196684083306013,-7.718544176770343,-1.5218600934643298
0.6073381024818933,-0.3060709988109598,0.30126710367093357
0.599397034837599,-0.16126426168696983,0.43813277315062915
1.133095854499208,1.578571034714899,2.711666889214107
0.20710433719837068,0.42720000357712945,0.6343043407755001
0.9900904970847954,-0.009496819374833444,0.9805936777099619
1.7434673870568766,-0.7499263104567445,0.9935410766001321
1.5803886069550839,2.130276134174993,3.710664741130077
1.369852637979152,2.3362001563435473,3.7060527943226993
4.3158541735588125,3.539464928233983,7.855319101792796
0.9210189007698445,-0.085191458419667,0.8358274423501775
2.808974901931257,1.086532544821156,3.895507446752413
1.796817261119997,-2.0811636170470424,-0.2843463559270454
0.5587729818603201,0.19863738883351026,0.7574103706938303
29.804915650637522,19.312273617248007,49.11718926788553
0.8325259685117098,0.2155182878592794,1.0480442563709893
0.6232735937285114,-0.7468500104540108,-0.12357641672549935
0.39296182371998767,0.019713852641022187,0.4126756763610099
1.236549755369257,0.6516398996842155,1.8881896550534725
1.4679664236157826,0.8718414853630952,2.339807908978878
0.2930315185695816,0.1811372571804918,0.47416877575007343
0.7940585037358933,0.9439558544008511,1.7380143581367444
0.3566450557811818,-0.26322102292424354,0.09342403285693823
0.49551186626842236,0.4892062534427495,0.9847181197111718
2.756866243674981,-2.386676247603933,0.3701899960710482
2.8697509244022252,1.6292195127105937,4.498970437112819
1.3969406290822,-2.3452994440603367,-0.9483588149781368
0.44605426997508363,0.17380370662155417,0.6198579765966378
1.2480983638454797,-0.9880779257748583,0.26002043807062136
1.7088152565742625,-0.6430341129054873,1.0657811436687752
1.3471429988363908,-0.7699003153397249,0.5772426834966659
0.8864235371126843,-0.008664761823714836,0.8777587752889695
0.39073440981196367,-0.44672324564179955,-0.05598883582983588
247.7402910766172,-144.57989671159788,103.16039436501933
0.3326968243296785,-0.42263006007279086,-0.08993323574311235
1.747463743095434,-1.1385732493640275,0.6088904937314066
0.7525272206266489,-0.2532007353742966,0.4993264852523523
0.7280559335906124,-0.41747847455965575,0.3105774590309566
1.1898069173271673,-1.3042482803739315,-0.11444136304676422
1.5038449616977883,-2.426774446695247,-0.9229294849974587
17.49298995495749,-4.17030458581015,13.32268536914734
0.2458515760838253,0.17550838996272505,0.42135996604655035
4.74759961602319,-4.645455993310228,0.10214362271296196
0.20221380986697093,-0.16601523161479542,0.03619857825217551
8.701225572243382,-8.273122340656727,0.42810323158665575
2.0004370292922657,0.5456140066813477,2.5460510359736137
1.8560160522225813,0.43675394779032284,2.2927700000129043
1.0881976988482633,-1.54599045589924,-0.45779275705097655
1.9411957233712287,-0.4261887923678744,1.5150069310033543
0.4543416754401379,-1.0864830697704488,-0.6321413943303109
1.060457683467549,0.4610677299197006,1.5215254133872496
1.1275631943253115,-0.09805816463412825,1.0295050296911832
1.5827583334798245,0.6157340672659043,2.198492400745729
0.47767268881807046,0.31305365906758703,0.7907263478856574
6.832188040163326,-2.4714283946173587,4.360759645545968
0.43201656432747343,-0.056170720809620364,0.37584584351785305
0.6175646138057271,-0.9025216718318967,-0.28495705802616955
0.480317781523893,-0.7591026456898996,-0.2787848641660066
10.868055574411565,-4.496889403851162,6.371166170560404
0.5404583940302449,-0.3286245496420905,0.2118338443881544
0.5580787794988148,-0.4929854476084987,0.06509333189031608
1.571405505423263,1.6840589279179734,3.2554644333412366
1.7658468270543664,2.288963759172413,4.054810586226779
49.15596273158913,15.110198435219017,64.26616116680815
0.93611204947105,-0.04667722172498394,0.8894348277460661
0.29337297773802506,0.21826197561515134,0.5116349533531764
0.2991413747052752,0.28439419386643544,0.5835355685717106
0.26152232034247647,-0.1208469597576201,0.14067536058485636
1.6099962180639904,0.7348947078513535,2.344890925915344
4.090969037998022,3.004835785821937,7.095804823819959
9.849729865170584,-11.643118846163732,-1.7933889809931483
1.1721523363908242,0.28354051432723026,1.4556928507180544
0.6470050864635911,0.10101209059166072,0.7480171770552518
0.7890215190577827,-0.7305433399853899,0.05847817907239283
13.243748864396318,3.1990716948176883,16.442820559214006
0.6683316115724105,-0.750194060288712,-0.08186244871630155
3.249697375502031,1.426380067415431,4.676077442917462
0.6718625553496195,1.0394325457732871,1.7112951011229067
3.4200014345915224,0.6495409533160852,4.069542387907608
1.0229700041947558,0.7218666207838961,1.7448366249786518
1.7624997912512583,-0.1644866511776028,1.5980131400736555
28.10235994207162,21.84782361109068,49.9501835531623
0.8182081300233338,1.5927274433035428,2.4109355733268765
5.756997339844003,-9.21565813989039,-3.4586608000463874
3.7881534934001047,2.8415837372373285,6.629737230637433
2.4790278359555,0.19601807027459023,2.67504590623009
3.6550857585041734,-5.842292689470194,-2.187206930966021
1.234133400841444,-1.3635806748703325,-0.12944727402888856
4.288862777466417,-0.12632596316598982,4.162536814300427
6.558660688455194,7.247684766247494,13.806345454702688
2.3757677661615566,-0.7367174429261171,1.6390503232354394
113.80873952282798,-103.4441457762023,10.364593746625673
1.0084304222352067,-0.2096846957296668,0.79874572650554
0.6630052587308682,1.1299375279594837,1.792942786690352
12.873555912550035,1.0582809368215786,13.931836849371614
1.4507846559635338,0.04377563769985697,1.4945602936633908
1.2299849091850283,-0.24589580895154076,0.9840891002334876
5.593304977572524,9.608580731429528,15.201885709002052
6.045016339701225,4.547794929363502,10.592811269064727
0.26822753272216227,0.2530166855400383,0.5212442182622006
1.453379355934156,-2.8160610540458975,-1.3626816981117416
1.290058169967163,-0.5925922735017878,0.6974658964653752
0.25308543291799124,-0.16512949116117465,0.08795594175681659
14.58837929327331,-3.517596932486245,11.070782360787064
9.422725620186032,6.835250753829485,16.257976374015517
1.6523207964081452,-0.27034373077209434,1.3819770656360508
1.77670559387883,3.4261272520262196,5.20283284590505
25.392920338925077,4.1126712307069795,29.505591569632056
7.912092145302813,3.3611448077017503,11.273236953004563
0.5769277389888984,-0.012134786438776303,0.5647929525501221
2.2007831428033304,3.6978685218036866,5.8986516646070175
1.3993177417271025,-1.3889161836912274,0.01040155803587517
0.3687391666095754,-0.2658871841904798,0.1028519824190956
1.2489512140161467,-0.4823564523940251,0.7665947616221216
0.8196715790417601,0.16277040162502524,0.9824419806667853
2.8693159414654996,-0.8438651863996173,2.0254507550658825
0.7329504065835504,-0.19847515944355318,0.5344752471399972
2.660615418687602,2.8765085787681866,5.537123997455788
0.35251568008961714,0.2501811291635858,0.602696809253203
0.36812344579997314,-0.06839643842760658,0.29972700737236657
4.722069287687711,1.5832563828755255,6.305325670563237
0.5747907152073631,0.6277085057536241,1.2024992209609873
1.1938246831899018,-0.9041218694211344,0.2897028137687674
90.11183639164668,-28.13367010495134,61.97816628669534
3.1808399575680526,-1.620892149549409,1.5599478080186435
21.309859213308215,19.197901492930953,40.50776070623917
1.3798477679674708,-0.2567575830765782,1.1230901848908925
4.162298438066857,5.399501147421244,9.561799585488101
11.182010439203355,-3.994767254496445,7.18724318470691
0.4392239405106652,-0.18379764274925667,0.25542629776140857
0.52788474702749,-0.115407238630905,0.412477508396585
3.437548410356798,9.374133088878533,12.81168149923533
9.184372904298698,-11.343182197178683,-2.158809292879985
2.069107398578559,-4.2809375780534085,-2.2118301794748496
1.394939609922086,1.2391833503828054,2.6341229603048912
0.4032014766884706,-0.4895201492905677,-0.08631867260209708
0.4806981885566041,-0.03382049449462954,0.4468776940619746
1.5745363967560415,1.9946258765694695,3.569162273325511
0.9951657248184813,-0.3383380260010236,0.6568276988174577
0.36266874969389684,0.021982107699734767,0.3846508573936316
